location, section
california, 2022
california, 4755
california, 2525
california, 2022
california, 2022
california, 2022
california, 102
california, 2022
california, 2022
california, 2022
california, 2022
california, 2022
california, 2022
california, 2022
california, 1
california, 2
california, 101.1
california, 104.5
california, 3
california, 4
california, 5
california, 6
california, 7
california, 8
california, 2022
california, 209.0
california, 209.0
california, 209.0
california, 209.0
california, 2021
california, 2022
california, 4755
california, 2022
california, 1.1.0
california, 1.1.2
california, 1.1.3
california, 1.1.4
california, 1.7.6
california, 1.1.8
california, 1.1.9
california, 1.1.10
california, 951311
california, 1.1.12
california, 7.2.0
california, 1.2.3
california, 1.3.0
california, 1.3.2
california, 1.4.0
california, 1.4.2
california, 1.5.0
california, 1.6.0
california, 7.6.2
california, 1.7.0
california, 172
california, 1.8.0
california, 1.8.1
california, 1.8.2
california, 1.8.3
california, 1.8.4
california, 1.8.5
california, 1.8.6
california, 2022
california, 101.4
california, 101.5
california, 102.0
california, 102.1
california, 102.2
california, 102.3
california, 301.4
california, 102.4
california, 102.5
california, 301.7
california, 102.6
california, 102.7
california, 302.1
california, 102.8
california, 303.0
california, 103.0
california, 103.1
california, 103.2
california, 304.1
california, 103.3
california, 305.0
california, 103.4
california, 104.0
california, 305.1
california, 104.1
california, 306.0
california, 104.2
california, 306.1
california, 104.3
california, 306.2
california, 104.4
california, 307.0
california, 104.5
california, 307.1
california, 105.0
california, 307.2
california, 105.1
california, 308.0
california, 105.2
california, 105.3
california, 105.4
california, 106.0
california, 106.1
california, 106.2
california, 309.5
california, 106.3
california, 309.6
california, 106.4
california, 310.0
california, 106.5
california, 310.1
california, 310.2
california, 106.6
california, 310.3
california, 107.0
california, 310.4
california, 107.1
california, 107.2
california, 310.6
california, 310.7
california, 310.8
california, 310.12
california, 201.0
california, 310.13
california, 201.1
california, 202.0
california, 202.1
california, 312.0
california, 312.1
california, 312.2
california, 312.3
california, 323.0
california, 312.4
california, 312.5
california, 401.0
california, 401.1
california, 401.2
california, 401.3
california, 313.7
california, 314.0
california, 314.1
california, 314.2
california, 314.3
california, 314.4
california, 315.0
california, 315.1
california, 315.2
california, 316.0
california, 316.1
california, 317.0
california, 317.1
california, 318.0
california, 318.1
california, 318.2
california, 318.3
california, 318.4
california, 318.5
california, 319.0
california, 2022
california, 407.4
california, 407.5
california, 407.6
california, 408.0
california, 408.1
california, 408.2
california, 408.3
california, 416.1
california, 408.4
california, 416.2
california, 408.5
california, 416.3
california, 408.6
california, 416.4
california, 408.7
california, 416.5
california, 417.0
california, 408.8
california, 417.1
california, 408.9
california, 417.2
california, 408.10
california, 409.0
california, 417.3
california, 417.4
california, 409.1
california, 409.2
california, 417.5
california, 409.3
california, 409.4
california, 418.0
california, 418.1
california, 409.5
california, 418.2
california, 409.6
california, 418.3
california, 410.0
california, 418.4
california, 410.1
california, 418.5
california, 410.2
california, 419.0
california, 410.3
california, 419.1
california, 419.2
california, 411.0
california, 419.3
california, 411.1
california, 420.0
california, 411.2
california, 420.1
california, 411.3
california, 420.2
california, 411.4
california, 420.3
california, 412.0
california, 412.1
california, 412.2
california, 413.0
california, 413.1
california, 413.2
california, 413.3
california, 413.4
california, 413.5
california, 414.0
california, 414.1
california, 414.2
california, 422.3
california, 422.4
california, 422.5
california, 422.6
california, 422.7
california, 422.8
california, 507.1
california, 422.9
california, 507.6
california, 507.7
california, 501.0
california, 507.8
california, 501.1
california, 501.2
california, 502.0
california, 502.1
california, 507.11
california, 503.1
california, 507.12
california, 503.2
california, 507.13
california, 504.0
california, 504.1
california, 504.2
california, 504.3
california, 504.4
california, 504.5
california, 504.6
california, 505.0
california, 505.1
california, 507.22
california, 505.2
california, 505.3
california, 507.23
california, 505.4
california, 506.0
california, 507.25
california, 506.1
california, 506.2
california, 506.3
california, 506.4
california, 2022
california, 508.1
california, 508.2
california, 508.3
california, 508.4
california, 509.0
california, 509.1
california, 509.2
california, 509.3
california, 509.4
california, 509.5
california, 509.6
california, 509.7
california, 601.0
california, 601.1
california, 509.8
california, 509.9
california, 509.10
california, 601.8
california, 509.11
california, 602.0
california, 602.1
california, 509.12
california, 602.2
california, 509.13
california, 602.3
california, 509.14
california, 509.15
california, 510.0
california, 510.1
california, 510.2
california, 603.4
california, 603.5
california, 604.0
california, 604.1
california, 606.10
california, 607.0
california, 604.2
california, 607.1
california, 604.3
california, 607.2
california, 604.4
california, 607.3
california, 607.4
california, 604.5
california, 607.5
california, 604.6
california, 604.7
california, 604.8
california, 604.9
california, 608.1
california, 604.10
california, 608.2
california, 604.11
california, 608.3
california, 604.12
california, 604.13
california, 605.0
california, 605.1
california, 605.2
california, 605.3
california, 605.4
california, 605.5
california, 605.6
california, 609.5
california, 605.7
california, 609.6
california, 609.7
california, 605.8
california, 609.8
california, 605.9
california, 609.9
california, 605.10
california, 605.11
california, 609.10
california, 605.12
california, 609.11
california, 605.13
california, 609.12
california, 605.14
california, 610.0
california, 605.15
california, 605.16
california, 610.2
california, 610.3
california, 606.0
california, 610.4
california, 606.1
california, 606.2
california, 610.5
california, 606.3
california, 2022
california, 610.6
california, 610.7
california, 610.8
california, 610.9
california, 610.10
california, 610.11
california, 610.13
california, 611.0
california, 611.1
california, 611.2
california, 611.3
california, 611.4
california, 612.0
california, 612.1
california, 613.0
california, 614.0
california, 615.0
california, 615.1
california, 615.4
california, 705.7
california, 701.0
california, 701.1
california, 701.2
california, 701.3
california, 701.4
california, 706.3
california, 706.4
california, 707.0
california, 707.2
california, 707.3
california, 707.4
california, 707.5
california, 707.6
california, 707.7
california, 707.8
california, 707.9
california, 707.10
california, 707.12
california, 707.13
california, 707.14
california, 714.5
california, 708.0
california, 708.1
california, 709.0
california, 709.1
california, 710.0
california, 710.1
california, 710.2
california, 710.3
california, 710.4
california, 710.5
california, 718.0
california, 710.6
california, 710.8
california, 718.3
california, 710.9
california, 719.0
california, 710.10
california, 719.2
california, 710.11
california, 719.3
california, 719.4
california, 710.13
california, 711.0
california, 711.1
california, 712.0
california, 2022
california, 721.1
california, 722.0
california, 722.1
california, 422.2
california, 810.1
california, 722.3
california, 722.4
california, 722.5
california, 723.0
california, 723.1
california, 724.0
california, 725.0
california, 811.2
california, 726.0
california, 811.3
california, 811.4
california, 727.0
california, 811.5
california, 811.6
california, 811.7
california, 801.0
california, 811.8
california, 801.1
california, 812.0
california, 801.2
california, 812.1
california, 801.3
california, 801.4
california, 801.5
california, 801.6
california, 801.7
california, 802.0
california, 802.1
california, 803.0
california, 803.1
california, 803.2
california, 803.3
california, 804.0
california, 814.7
california, 804.1
california, 805.0
california, 805.1
california, 806.0
california, 806.1
california, 807.0
california, 807.1
california, 807.2
california, 902.2
california, 903.0
california, 903.1
california, 903.2
california, 903.3
california, 912.2
california, 904.0
california, 904.1
california, 904.2
california, 905.0
california, 1001.1
california, 1001.2
california, 1002.0
california, 1002.1
california, 1002.2
california, 1006.0
california, 1006.1
california, 1007.0
california, 1007.1
california, 909.0
california, 1007.2
california, 1008.0
california, 909.1
california, 1008.1
california, 910.0
california, 910.1
california, 910.2
california, 910.3
california, 910.4
california, 910.5
california, 910.6
california, 910.7
california, 911.1
california, 911.2
california, 2022
california, 1010.2
california, 1010.3
california, 1010.4
california, 1101.10
california, 1010.5
california, 1011.0
california, 1101.11
california, 1011.1
california, 1101.12
california, 1012.0
california, 1101.13
california, 1101.14
california, 1012.1
california, 1101.15
california, 1013.0
california, 1013.1
california, 1101.16
california, 1014.0
california, 1014.1
california, 1102.0
california, 1014.2
california, 1102.1
california, 1102.2
california, 1014.3
california, 1015.0
california, 1015.1
california, 1015.2
california, 1015.3
california, 1015.4
california, 1016.0
california, 1016.1
california, 1016.2
california, 1016.3
california, 1016.4
california, 1017.0
california, 1017.1
california, 1017.2
california, 1105.2
california, 1101.0
california, 1101.1
california, 1101.2
california, 1101.3
california, 1101.4
california, 1101.5
california, 1201.0
california, 1201.1
california, 1202.0
california, 1202.1
california, 1202.2
california, 1202.3
california, 1203.0
california, 1203.1
california, 1203.2
california, 1210.3
california, 1203.3
california, 1203.4
california, 1204.0
california, 1204.1
california, 1204.2
california, 1204.3
california, 1210.7
california, 1205.0
california, 1210.8
california, 1210.9
california, 1205.1
california, 1210.10
california, 1205.2
california, 1210.11
california, 1206.1
california, 1206.2
california, 1210.12
california, 1206.3
california, 1207.0
california, 1207.1
california, 1208.0
california, 1208.1
california, 1208.2
california, 1211.4
california, 1208.3
california, 1211.6
california, 1208.4
california, 1208.5
california, 1208.6
california, 1208.7
california, 1208.8
california, 1208.9
california, 2022
california, 1212.5
california, 1212.6
california, 1212.7
california, 1212.8
california, 1212.9
california, 1212.10
california, 1213.1
california, 1213.2
california, 1213.3
california, 1213.4
california, 1213.5
california, 1213.6
california, 1214.0
california, 1214.1
california, 1214.2
california, 1214.3
california, 1214.4
california, 1215.0
california, 121534
california, 1215.2
california, 1215.4
california, 1215.6
california, 1301.0
california, 1301.1
california, 1301.2
california, 1301.3
california, 1301.4
california, 1301.5
california, 1302.0
california, 1302.1
california, 1302.2
california, 1302.3
california, 1302.4
california, 1303.0
california, 1303.1
california, 1303.2
california, 1303.3
california, 1303.4
california, 1309.5
california, 1303.5
california, 1303.6
california, 1303.8
california, 1303.9
california, 1309.10
california, 1304.0
california, 1309.11
california, 1309.12
california, 1304.1
california, 1309.13
california, 1304.2
california, 1310.0
california, 1304.3
california, 1304.4
california, 1310.1
california, 1304.5
california, 1310.2
california, 1305.0
california, 1310.3
california, 1305.1
california, 1310.4
california, 1310.5
california, 1305.2
california, 1305.3
california, 1306.0
california, 1306.1
california, 1306.2
california, 1306.3
california, 1306.4
california, 1307.0
california, 1312.3
california, 1307.2
california, 1307.3
california, 1307.4
california, 1308.0
california, 1308.1
california, 1308.2
california, 1308.3
california, 1309.0
california, 1314.1
california, 1309.1
california, 2022
california, 1314.2
california, 1314.3
california, 1314.4
california, 1319.1
california, 1314.5
california, 1320.0
california, 1314.6
california, 1320.1
california, 1314.7
california, 1320.2
california, 1314.8
california, 1321.0
california, 1314.9
california, 1321.1
california, 1314.10
california, 1321.2
california, 1314.11
california, 1321.3
california, 1314.12
california, 1321.4
california, 1315.0
california, 1321.5
california, 1321.6
california, 1315.2
california, 1321.7
california, 1315.3
california, 1321.8
california, 1321.9
california, 4915.5
california, 1321.10
california, 1315.6
california, 1321.11
california, 1315.7
california, 1321.12
california, 1315.8
california, 1322.0
california, 1315.9
california, 1322.1
california, 1322.2
california, 1315.10
california, 1315.11
california, 1315.12
california, 1315.13
california, 1315.14
california, 1315.15
california, 1316.0
california, 1316.1
california, 1316.2
california, 1317.0
california, 1317.1
california, 1318.0
california, 1318.1
california, 1318.2
california, 1318.3
california, 1318.4
california, 1318.5
california, 1318.6
california, 1323.5
california, 1323.6
california, 1323.7
california, 1323.9
california, 1323.10
california, 1323.11
california, 1323.12
california, 1323.13
california, 1323.14
california, 1324.0
california, 1327.4
california, 1325.0
california, 1325.1
california, 1327.6
california, 1325.2
california, 1325.3
california, 1325.4
california, 1327.7
california, 1325.5
california, 1325.6
california, 1327.8
california, 1325.9
california, 1401.0
california, 1401.1
california, 1325.10
california, 1325.11
california, 1325.12
california, 1325.13
california, 2022
california, 1404.1
california, 1404.2
california, 1404.3
california, 1404.4
california, 1404.5
california, 1503.4
california, 1404.6
california, 1405.0
california, 1503.5
california, 1503.6
california, 1405.1
california, 1503.7
california, 1405.2
california, 1503.8
california, 1405.3
california, 1405.4
california, 1503.9
california, 1405.5
california, 1405.6
california, 1504.0
california, 1405.7
california, 1406.0
california, 1406.1
california, 1406.2
california, 1406.3
california, 1406.4
california, 1504.3
california, 1501.0
california, 1501.1
california, 1501.2
california, 1501.3
california, 1501.4
california, 1501.5
california, 1504.8
california, 1504.9
california, 1501.6
california, 1501.7
california, 1501.8
california, 1501.9
california, 1505.1
california, 1501.10
california, 1505.2
california, 1502.0
california, 1505.3
california, 1502.1
california, 1505.4
california, 1502.2
california, 1502.3
california, 1505.5
california, 1505.6
california, 1502.4
california, 1502.5
california, 1505.7
california, 1502.6
california, 1503.0
california, 1505.9
california, 1505.10
california, 1602.2
california, 1505.11
california, 1602.3
california, 1505.12
california, 1602.4
california, 1505.13
california, 1602.5
california, 1602.6
california, 1602.7
california, 1505.14
california, 1602.8
california, 1505.15
california, 1602.9
california, 1506.0
california, 1603.0
california, 1506.1
california, 1603.1
california, 1506.2
california, 1603.2
california, 1506.3
california, 1506.4
california, 1603.5
california, 1506.5
california, 1506.6
california, 1603.7
california, 1506.7
california, 1603.9
california, 1603.10
california, 1506.8
california, 1603.11
california, 1506.9
california, 1506.10
california, 1603.15
california, 1603.16
california, 1603.17
california, 1603.18
california, 1603.19
california, 1601.0
california, 1603.20
california, 1601.1
california, 1601.3
california, 1604.2
california, 1601.4
california, 1601.5
california, 1601.6
california, 1601.7
california, 2022
california, 1701.0
california, 1701.1
california, 1701.2
california, 5
california, 11.1
california, 2022
california, 1.11.0
california, 2022
california, 1.1.0
california, 1.1.1
california, 1.4.0
california, 1.5.0
california, 1.1.2
california, 1.1.3
california, 1.1.3.1
california, 1.1.3.2
california, 2022
california, 1.1
california, 1.2
california, 1.1.6
california, 1.1.7.1
california, 1.1.7.3
california, 1.1.7.3.1
california, 1.1.8
california, 2022
california, 1.1.8.1
california, 1.1.12
california, 1.1.8.2
california, 1.2.1
california, 1.1.9
california, 1.1.10
california, 2022
california, 1.2.3
california, 17910
california, 1.2.1.1
california, 1.2.3.1
california, 1.2.1.2
california, 1.2.3.2
california, 1.2.1.3
california, 1.2.1.4
california, 1.2.2
california, 2022
california, 1.3.2
california, 1.4.0
california, 1.4.1
california, 1.8.2
california, 1.4.2
california, 1.8.2.1
california, 1.5.0
california, 1.8.2.1.1
california, 1.6.0
california, 1.6.1
california, 1.6.2
california, 1.7.0
california, 1.7.1
california, 2022
california, 1.8.2.1.2
california, 2022
california, 1.8.3.2.5
california, 19960
california, 1
california, 1.8.4
california, 1.8.3.2
california, 1.8.3.2.1
california, 1.8.3.2.2
california, 1.8.4.2
california, 1.8.3.2.3
california, 18860
california, 2000
california, 1.8.3.2.4
california, 17000
california, 2022
california, 1.8.6
california, 1.8.6.1
california, 1.8.4.4
california, 1.8.5
california, 1.8.6.2
california, 1.8.5.1
california, 1.8.7.1
california, 1.8.7.2
california, 1.8.8
california, 1.8.8.1
california, 1.8.7.2.1
california, 1.8.7.3
california, 2022
california, 1.8.9
california, 1.8.9.1
california, 1.8.10.2
california, 1.8.9.2
california, 1.9.0
california, 1.9.1
california, 1.9.2.2.1
california, 1.9.1.1
california, 1.9.2
california, 1.9.2.1
california, 1.9.2.1.1
california, 1.9.2.2
california, 1.10.1.3
california, 2022
california, 1.10.2.1
california, 1.10.2.2
california, 1.10.4.2
california, 1.10.2.3
california, 1.10.3
california, 1.10.3.1
california, 1.10.5.1
california, 1.10.3.2
california, 1.10.5.2
california, 1.10.3.3
california, 1.10.4
california, 1.11.0
california, 1.11.1
california, 2022
california, 51189
california, 1.11.2
california, 1.11.2.1.3
california, 1.11.2.1.2
california, 1.11.2.2
california, 1.11.2.3
california, 1.11.2.3.1
california, 1.1.8.1
california, 1.11.2.3.2
california, 1.11.2.5
california, 1.11.2.3.3
california, 1.11.3
california, 2022
california, 1.11.3.2
california, 1.11.3.3
california, 1.11.3.4
california, 1.11.4
california, 1.11.4.1
california, 13146.2
california, 2022
california, 1.11.4.6
california, 1.11.5
california, 1.11.6
california, 1.11.7
california, 1.11.8
california, 1.11.9
california, 1.11.10
california, 1.11.11
california, 1.12.0
california, 1.13.0
california, 1.13.1
california, 1.13.2
california, 1.14.0
california, 2022
california, 101.0
california, 101.1
california, 101.2
california, 101.3
california, 101.4
california, 101.5
california, 102.4.2
california, 102.0
california, 102.1
california, 102.5
california, 102.2
california, 102.6
california, 102.7
california, 102.3
california, 2022
california, 103.0
california, 103.1
california, 104.0
california, 103.2
california, 103.3
california, 103.3.1
california, 103.4
california, 104.3.1
california, 104.4.2
california, 104.3.2
california, 104.3.3
california, 104.4
california, 2022
california, 104.4.4
california, 105.0
california, 105.1
california, 104.4.5
california, 105.2
california, 104.4.6
california, 104.5
california, 104.5.1
california, 105.2.1
california, 104.5.2
california, 104.5.3
california, 105.2.1.2
california, 105.2.2
california, 105.2.3
california, 105.2.4
california, 105.3.2
california, 105.2.5
california, 105.3.3
california, 105.4
california, 105.2.6
california, 106.0
california, 2022
california, 106.3
california, 106.4
california, 106.5
california, 106.6
california, 107.0
california, 107.1
california, 107.2
california, 4
california, 2022
california, 220.0
california, 1.11.0
california, 2022
california, 201.0
california, 201.1
california, 202.0
california, 202.1
california, 65852
california, 2022
california, 18908
california, 2022
california, 2022
california, 2022
california, 2022
california, 2022
california, 2022
california, 2022
california, 311.1
california, 1.11.0
california, 2022
california, 301.0
california, 301.1
california, 301.2
california, 301.2.1
california, 301.2.2
california, 301.3.1.1
california, 301.3.1.2
california, 2022
california, 301.5.6
california, 301.6
california, 301.4.1
california, 301.7
california, 301.5
california, 302.0
california, 302.1
california, 301.5.1
california, 301.5.2
california, 301.5.3
california, 304.0
california, 304.1
california, 301.5.4
california, 305.0
california, 305.1
california, 309.5
california, 306.0
california, 306.1
california, 310.0
california, 310.1
california, 306.2
california, 310.2
california, 307.0
california, 307.1
california, 310.4
california, 307.2
california, 310.5
california, 308.0
california, 308.1
california, 309.0
california, 309.1
california, 310.7
california, 309.2
california, 309.3
california, 2022
california, 310.13
california, 312.8
california, 311.0
california, 311.1
california, 312.9
california, 312.10
california, 312.0
california, 312.1
california, 312.10.3
california, 312.11
california, 314.0
california, 312.12
california, 314.1
california, 312.12.1
california, 314.2
california, 312.12.2
california, 312.12.3
california, 314.3
california, 313.0
california, 313.1
california, 313.2
california, 313.3
california, 313.4
california, 313.5
california, 313.6
california, 2022
california, 315.0
california, 315.1
california, 316.0
california, 316.1
california, 315.2
california, 317.0
california, 317.1
california, 323.0
california, 318.0
california, 318.1
california, 318.2
california, 318.3
california, 318.4
california, 318.5
california, 319.1
california, 2022
california, 0
california, 408.2.1
california, 2022
california, 422.2
california, 1.11.0
california, 401.0
california, 401.1
california, 401.2
california, 402.4
california, 401.3
california, 402.5
california, 1605.3
california, 402.6.1
california, 402.0
california, 402.1
california, 2022
california, 402.6.2
california, 402.6.3
california, 404.2
california, 402.7
california, 402.8
california, 402.9
california, 402.10
california, 405.3
california, 402.11
california, 406.0
california, 406.1
california, 406.2
california, 406.3
california, 407.4
california, 406.4
california, 407.6
california, 407.0
california, 407.1
california, 408.0
california, 408.1
california, 408.2
california, 407.2
california, 407.2.1
california, 407.2.2
california, 408.2.2
california, 407.2.3
california, 2022
california, 408.3
california, 408.3.1
california, 408.3.2
california, 408.6
california, 408.4
california, 408.5
california, 409.0
california, 409.1
california, 408.7.1
california, 408.7.2
california, 409.3
california, 409.4
california, 408.7.3
california, 408.7.4
california, 2022
california, 409.6.1
california, 410.0
california, 411.3
california, 410.1
california, 410.2
california, 410.3
california, 412.0
california, 412.1
california, 411.0
california, 411.1
california, 411.2
california, 412.1.2
california, 411.2.1
california, 412.1.3
california, 411.2.2
california, 411.2.2.1
california, 412.1.4
california, 414.1
california, 412.2
california, 414.2
california, 413.0
california, 413.1
california, 413.2
california, 704.3
california, 413.3
california, 603.5.2
california, 413.4
california, 2022
california, 416.0
california, 416.1
california, 416.2
california, 416.3
california, 416.4
california, 418.0
california, 418.1
california, 416.5
california, 418.2
california, 417.0
california, 417.1
california, 4171.1
california, 417.1.2
california, 418.4
california, 417.2
california, 417.3
california, 418.5
california, 417.4
california, 419.2
california, 1605.1
california, 419.3
california, 420.0
california, 420.1
california, 420.2
california, 421.2
california, 420.2.2
california, 422.0
california, 420.3
california, 420.3.1
california, 2022
california, 422.1.1
california, 422.4.1
california, 422.2
california, 422.2.1
california, 422.2.2
california, 422.3
california, 2022
california, 2022
california, 5
california, 2022
california, 2022
california, 1
california, 2022
california, 20
california, 24
california, 39
california, 32
california, 33
california, 34
california, 5
california, 2022
california, 507.2
california, 1.11.0
california, 2022
california, 2022
california, 501.0
california, 501.1
california, 504.0
california, 501.2
california, 504.1.2
california, 502.0
california, 502.1
california, 2022
california, 504.2
california, 504.3
california, 504.3.1
california, 505.4.1
california, 504.3.2
california, 504.4
california, 504.5
california, 504.6
california, 506.1
california, 505.0
california, 505.1
california, 505.2
california, 506.2
california, 505.3
california, 506.2.1
california, 506.2.2
california, 506.4
california, 506.4.1
california, 506.3
california, 2022
california, 506.4.2
california, 506.8
california, 506.5
california, 506.8.1
california, 506.5.1
california, 506.5.2
california, 506.5.3
california, 506.9
california, 506.6
california, 2022
california, 507.0
california, 507.1
california, 507.7
california, 19211
california, 507.8
california, 19211
california, 17958.5
california, 507.3
california, 507.3.1
california, 507.4
california, 507.12
california, 507.13
california, 507.13.1
california, 507.13.2
california, 507.14
california, 507.14.1
california, 507.14.2
california, 507.15
california, 507.16
california, 507.17
california, 507.18
california, 507.19
california, 2022
california, 507.23
california, 507.24
california, 507.25
california, 508.2.2
california, 507.27
california, 508.2.3
california, 508.0
california, 508.1
california, 508.1.1
california, 509.2.2
california, 508.3.3
california, 508.4
california, 509.2.3
california, 508.4.1
california, 509.2.4
california, 508.4.2
california, 509.2.5
california, 508.4.3
california, 509.2.6
california, 508.4.4
california, 509.2.7
california, 509.0
california, 509.1
california, 509.1.1
california, 509.1.2
california, 509.2
california, 509.2.1
california, 2022
california, 509.3.3.2
california, 509.3.3.3
california, 509.3.3.4
california, 509.3.3.5
california, 509.3.4
california, 509.3.5
california, 509.3.6
california, 509.4
california, 509.4.1
california, 509.2
california, 2022
california, 509.5
california, 509.5.1
california, 509.5.1.1
california, 509.5.2
california, 509.5.3
california, 509.5.4
california, 509.5.4.1
california, 509.5.6.3
california, 509.5.4.2
california, 509.5.4.3
california, 2022
california, 509.5.7.1
california, 509.5.7.2
california, 509.5.7.3
california, 509.5.8
california, 509.5.9
california, 509.5.10.1
california, 509.6
california, 509.6.1
california, 509.2.7
california, 509.3.3
california, 2022
california, 509.6.2
california, 509.6.2.1
california, 509.6.3.1
california, 509.6.2.2
california, 509.6.3.2
california, 509.6.2.3
california, 509.6.2.4
california, 509.6.3
california, 509.6.4
california, 509.6.5
california, 509.7
california, 509.7.1
california, 509.7.2
california, 509.7.3
california, 509.4
california, 2022
california, 509.7.3.6
california, 509.7.4
california, 2022
california, 509.7.5
california, 509.76
california, 509.8
california, 509.8.1
california, 1000
california, 509.8.3
california, 509.10.1.2
california, 509.8.4
california, 509.8.5
california, 509.9
california, 509.9.1
california, 509.10
california, 509.10.1
california, 509.10.1.1
california, 2022
california, 509.10.1.4
california, 509.10.3.1
california, 509.10.2
california, 509.10.3.2
california, 509.10.2.1
california, 509.10.2.2
california, 509.10.5
california, 509.10.12.1
california, 509.10.6
california, 509.11
california, 509.10.7
california, 509.10.7.2
california, 509.10.7.1
california, 509.10.7.2
california, 509.10.8
california, 509.10.9
california, 509.12.2
california, 509.10.10
california, 509.10.11
california, 509.12.3
california, 509.10.12
california, 2022
california, 509.12.4
california, 509.12.5
california, 509.12.6
california, 509.13
california, 509.14
california, 509.14.1
california, 509.15
california, 510.1.2
california, 510.1.3
california, 510.1.4
california, 510.0
california, 510.1
california, 510.1.5
california, 510.1.6
california, 510.1.7
california, 510.1.8
california, 510.1.15
california, 510.1.9
california, 510.1.17
california, 510.1.10
california, 509.6.1
california, 2022
california, 510.2.1
california, 510.2.4
california, 510.2.5
california, 510.2.6
california, 510.2.2
california, 510.2.7
california, 510.2.9
california, 510.2.10
california, 510.2.11
california, 510.2.13
california, 510.2.20
california, 510.2.14
california, 510.2.15
california, 510.2.16
california, 510.2.17
california, 2022
california, 510.2.22
california, 510.2.23
california, 510.2.24
california, 510.2.25
california, 510.2.26
california, 510.2.27
california, 2022
california, 10
california, 30
california, 20
california, 30
california, 5
california, 10
california, 20
california, 30
california, 50
california, 15
california, 2022
california, 4
california, 6
california, 5
california, 8
california, 10
california, 10
california, 15
california, 10
california, 15
california, 20
california, 2
california, 10
california, 15
california, 20
california, 30
california, 10
california, 20
california, 30
california, 2
california, 5
california, 10
california, 20
california, 30
california, 50
california, 2022
california, 10
california, 2
california, 5
california, 5
california, 8
california, 10
california, 5
california, 10
california, 10
california, 5
california, 10
california, 15
california, 20
california, 5
california, 10
california, 15
california, 20
california, 30
california, 5
california, 10
california, 20
california, 30
california, 2022
california, 5
california, 5
california, 8
california, 10
california, 15
california, 20
california, 30
california, 15
california, 20
california, 30
california, 20
california, 5
california, 5
california, 8
california, 5
california, 10
california, 5
california, 10
california, 15
california, 5
california, 20
california, 30
california, 5
california, 10
california, 20
california, 30
california, 5
california, 10
california, 15
california, 20
california, 2022
california, 5
california, 8
california, 5
california, 8
california, 5
california, 10
california, 10
california, 15
california, 20
california, 5
california, 15
california, 20
california, 15
california, 20
california, 30
california, 5
california, 10
california, 15
california, 20
california, 30
california, 15
california, 20
california, 10
california, 15
california, 20
california, 10
california, 15
california, 20
california, 30
california, 2
california, 5
california, 10
california, 20
california, 30
california, 2022
california, 15
california, 20
california, 30
california, 50
california, 20
california, 30
california, 50
california, 15
california, 20
california, 30
california, 50
california, 6
california, 8
california, 10
california, 20
california, 30
california, 50
california, 8
california, 10
california, 15
california, 30
california, 50
california, 2
california, 3
california, 3
california, 2022
california, 8
california, 6
california, 20
california, 4
california, 2022
california, 4
california, 2
california, 3
california, 2
california, 3
california, 2
california, 5
california, 2
california, 3
california, 3
california, 3
california, 6
california, 8
california, 10
california, 2022
california, 6
california, 8
california, 10
california, 15
california, 20
california, 30
california, 50
california, 100
california, 2022
california, 6
california, 8
california, 100
california, 2
california, 3
california, 2
california, 3
california, 3
california, 2
california, 3
california, 3
california, 2
california, 2
california, 3
california, 6
california, 8
california, 10
california, 15
california, 20
california, 30
california, 50
california, 100
california, 2022
california, 6
california, 6
california, 8
california, 10
california, 50
california, 100
california, 1
california, 30
california, 50
california, 10
california, 15
california, 20
california, 30
california, 50
california, 2022
california, 15
california, 20
california, 30
california, 50
california, 100
california, 20
california, 30
california, 50
california, 100
california, 6
california, 8
california, 10
california, 15
california, 20
california, 30
california, 50
california, 100
california, 6
california, 8
california, 10
california, 15
california, 20
california, 30
california, 50
california, 100
california, 2
california, 20
california, 30
california, 50
california, 100
california, 2022
california, 15
california, 20
california, 30
california, 50
california, 100
california, 15
california, 20
california, 30
california, 50
california, 100
california, 10
california, 15
california, 20
california, 30
california, 50
california, 100
california, 6
california, 8
california, 10
california, 15
california, 20
california, 30
california, 50
california, 100
california, 6
california, 8
california, 10
california, 15
california, 20
california, 30
california, 50
california, 100
california, 2
california, 601.2
california, 601.7
california, 50
california, 2022
california, 1.11.0
california, 601.0
california, 601.1
california, 601.2.2.1
california, 2022
california, 601.3.5
california, 601.4.1
california, 601.3.3
california, 601.5.1
california, 601.5.2
california, 1505.7
california, 601.3.4
california, 601.5.7
california, 601.5.7.1
california, 601.5.8
california, 601.6.1
california, 602.2
california, 601.6.2
california, 601.6.3
california, 602.3
california, 601.8.1
california, 601.8.1.1
california, 602.4
california, 603.1
california, 601.8.2
california, 603.2
california, 601.8.3
california, 601.8.3.1
california, 601.8.4
california, 2022
california, 2022
california, 603.3
california, 603.3.8
california, 603.3.1
california, 603.3.2
california, 603.3.9
california, 603.3.3
california, 603.3.4
california, 603.3.11
california, 603.3.12
california, 603.4
california, 603.4.9
california, 603.4.1
california, 603.5
california, 603.4.2
california, 603.5.1
california, 603.4.3
california, 603.5.2
california, 603.5.3
california, 603.4.4
california, 603.4.5
california, 2022
california, 603.5.6
california, 603.5.6.1
california, 603.5.6.2
california, 603.5.12
california, 603.5.6.3
california, 603.5.13
california, 603.5.7
california, 603.5.14
california, 603.5.8
california, 603.5.14.1
california, 603.5.14.2
california, 603.5.14.3
california, 604.0
california, 603.5.15
california, 2022
california, 3
california, 4
california, 604.1.2
california, 2022
california, 604.7
california, 604.8
california, 604.9
california, 604.10
california, 604.2
california, 604.10.1
california, 604.11
california, 604.12
california, 604.2.1
california, 604.3
california, 605.1.3.3
california, 605.0
california, 605.1
california, 605.1.1
california, 605.1.1
california, 605.1.4
california, 605.1.2
california, 605.1.3
california, 605.1.3.1
california, 605.1.3.2
california, 2022
california, 605.2
california, 605.2.1
california, 605.2.1.1
california, 605.3.2
california, 605.2.2
california, 605.4.2
california, 605.2.3
california, 605.5
california, 605.5.1
california, 605.3
california, 605.3.1
california, 605.6.1.1
california, 605.6.1.2
california, 605.6.1.3
california, 605.6.2
california, 605.7
california, 605.7.1.1
california, 605.7.1
california, 2022
california, 605.10
california, 605.10.1
california, 605.10.1.1
california, 605.11
california, 605.11.1
california, 605.11.2
california, 605.11.3
california, 605.12
california, 605.15
california, 605.16
california, 605.16.1
california, 605.16.2
california, 606.7
california, 605.16.3
california, 606.9
california, 606.0
california, 606.1
california, 607.0
california, 606.2
california, 607.3
california, 607.4
california, 2022
california, 608.0
california, 608.1
california, 608.4
california, 608.2
california, 608.5
california, 608.6
california, 608.3
california, 608.7
california, 609.6
california, 609.2
california, 609.3
california, 609.8
california, 609.8.1
california, 609.4
california, 2022
california, 610.2
california, 609.12
california, 610.5
california, 609.12.3
california, 2
california, 5
california, 4
california, 2022
california, 1
california, 1
california, 4
california, 610.7
california, 610.8
california, 610.9
california, 610.10
california, 2022
california, 611.1
california, 610.11
california, 610.12
california, 611.1.2
california, 610.12.1
california, 611.2
california, 610.12.2
california, 611.3
california, 611.4
california, 613.3
california, 613.5
california, 612.0
california, 612.1
california, 613.1
california, 1
california, 2
california, 614.4
california, 614.5
california, 613.2
california, 2022
california, 614.7
california, 614.8
california, 615.0
california, 615.1
california, 615.4.2
california, 615.4.1
california, 9
california, 1.11.0
california, 2022
california, 701.0
california, 701.3.2
california, 701.1
california, 701.3.3
california, 701.2
california, 701.4
california, 701.2
california, 701.5
california, 701.7
california, 701.3
california, 702.0
california, 2022
california, 2022
california, 703.0
california, 703.1
california, 702.2
california, 704.0
california, 704.1
california, 704.3
california, 705.0
california, 705.1
california, 705.1.1
california, 705.2.1
california, 705.1.2
california, 2022
california, 705.2.2
california, 705.4.1
california, 705.4.2
california, 705.3
california, 705.5
california, 705.3.1
california, 705.5.1.3
california, 705.5.1
california, 705.3.2
california, 705.3.3
california, 705.7.2
california, 705.5.1.3
california, 705.6
california, 705.6.1
california, 705.9.1
california, 705.6.2
california, 705.9.2
california, 705.9.3
california, 705.6.3
california, 705.7
california, 2022
california, 705.10.2
california, 705.10.3
california, 705.10.4
california, 707.2
california, 706.0
california, 706.1
california, 706.2
california, 706.3
california, 707.3
california, 706.4
california, 707.4
california, 707.0
california, 707.1
california, 707.5
california, 709.0
california, 709.1
california, 707.6
california, 707.7
california, 707.8
california, 707.9
california, 707.10
california, 707.11
california, 710.7
california, 707.12
california, 2022
california, 710.4
california, 710.5
california, 710.6
california, 710.11
california, 710.12
california, 710.13
california, 710.7
california, 710.8
california, 710.13.1
california, 710.13.3
california, 713.1
california, 713.2
california, 711.0
california, 711.1
california, 713.3
california, 712.0
california, 712.1
california, 713.5
california, 712.2
california, 712.3
california, 2022
california, 714.2
california, 714.3
california, 714.4
california, 714.5
california, 718.1
california, 715.0
california, 715.1
california, 715.2
california, 718.2
california, 715.3
california, 718.3
california, 716.0
california, 716.1
california, 717.0
california, 717.1
california, 719.1
california, 719.2
california, 719.3
california, 719.4
california, 719.5
california, 719.6
california, 720.0
california, 720.1
california, 721.0
california, 721.1
california, 722.2
california, 2022
california, 722.3
california, 722.4
california, 722.5
california, 723.0
california, 723.1
california, 724.1
california, 724.2
california, 1.11.0
california, 2022
california, 801.0
california, 801.1
california, 801.2
california, 801.3
california, 801.7
california, 801.3.1
california, 801.3.2
california, 803.0
california, 801.3.3
california, 803.3
california, 2022
california, 804.0
california, 804.1
california, 808.1
california, 805.0
california, 805.1
california, 810.1
california, 806.0
california, 806.1
california, 807.0
california, 807.1
california, 807.2
california, 811.4
california, 810.2
california, 811.6
california, 811.7
california, 811.8
california, 810.3
california, 812.0
california, 810.4
california, 812.1
california, 811.0
california, 811.1
california, 813.0
california, 813.1
california, 2022
california, 814.1.1
california, 1814.2
california, 814.2.1
california, 814.3
california, 903.1.2
california, 903.1.3
california, 906.2.1
california, 1.11.0
california, 2022
california, 901.0
california, 901.1
california, 901.2
california, 901.3
california, 902.0
california, 903.2.3
california, 902.1
california, 903.3
california, 902.2
california, 904.0
california, 904.1
california, 903.0
california, 903.1
california, 904.2
california, 2022
california, 905.0
california, 905.1
california, 905.2
california, 905.3
california, 906.7
california, 905.4
california, 907.0
california, 905.5
california, 907.1
california, 905.6
california, 906.0
california, 906.1
california, 906.2
california, 908.1
california, 906.3
california, 906.4
california, 908.2
california, 908.2.1
california, 910.2
california, 908.2.2
california, 910.3
california, 908.2.3
california, 910.4
california, 910.5
california, 908.2.4
california, 908.2.5
california, 910.6
california, 909.0
california, 909.1
california, 2022
california, 912.1
california, 911.2
california, 912.2
california, 911.2.1
california, 911.2
california, 911.4
california, 911.4.1
california, 911.4.1.1
california, 911.4.1.2
california, 911.5
california, 1003.1
california, 1.11.0
california, 2022
california, 1001.0
california, 1001.1
california, 1001.2
california, 1003.0
california, 1003.1
california, 1002.0
california, 1002.1
california, 1002.2
california, 1003.2
california, 1003.3
california, 1004.0
california, 1004.1
california, 2022
california, 1004.2
california, 1005.0
california, 1005.1
california, 1009.4
california, 1006.0
california, 1006.1
california, 1009.7
california, 1007.0
california, 1007.1
california, 1010.1
california, 1007.2
california, 1010.2.1
california, 1008.0
california, 1008.1
california, 1010.2.1.1
california, 1010.2.2
california, 1009.0
california, 1009.1
california, 1010.5.1
california, 1010.5.2
california, 1011.0
california, 1011.1
california, 1014.1.2
california, 1012.0
california, 1012.1
california, 1014.1.3
california, 1013.0
california, 1013.1
california, 1014.0
california, 1014.1
california, 2022
california, 1014.2.1
california, 1014.3
california, 1014.3.1
california, 1014.3.2
california, 1014.2.2
california, 1014.3.2.2
california, 1014.3.3
california, 1014.3.4
california, 1014.3.4.3
california, 1014.3.5
california, 1014.3.6
california, 1015.2
california, 1015.3
california, 1016.0
california, 2
california, 2022
california, 1016.3
california, 1017.2
california, 1016.4
california, 1017.0
california, 1017.1
california, 9
california, 1101.6
california, 1.11.0
california, 2022
california, 1101.0
california, 1101.1
california, 1101.2
california, 40
california, 1101.3
california, 1101.4
california, 1101.4.6
california, 1101.5
california, 1101.6
california, 1101.4.1
california, 1101.4.2
california, 2022
california, 1101.6.1
california, 1101.9
california, 1101.6.2
california, 1101.10
california, 1101.11
california, 1101.6.3
california, 1101.6.4
california, 1101.6.5
california, 1101.12.2.1
california, 1101.7
california, 1101.8
california, 1101.12.2.2.2
california, 1102.0
california, 1102.1
california, 1101.13
california, 1102.2
california, 1101.13.1
california, 1102.3
california, 1101.14
california, 1102.3.1
california, 1102.3.2
california, 1101.15
california, 1101.15.1
california, 1101.15.2
california, 1103.3
california, 1101.15.3
california, 1103.4
california, 1101.16
california, 2022
california, 1103.4
california, 1103.4
california, 1104.0
california, 1104.1
california, 1105.0
california, 1105.1
california, 1107.1
california, 1105.2
california, 1107.2.3
california, 1106.0
california, 1106.1
california, 2022
california, 2022
california, 1.11.0
california, 2022
california, 2022
california, 1201.0
california, 1201.1
california, 1202.0
california, 1202.1
california, 1202.2
california, 1203.0
california, 1203.1
california, 1202.3
california, 1203.2
california, 1203.3.1
california, 2022
california, 1203.4
california, 1208.0
california, 1208.1
california, 1204.0
california, 1204.1
california, 1204.2
california, 1204.3
california, 1208.2
california, 1205.0
california, 1205.1
california, 1208.3
california, 1205.2
california, 1206.0
california, 1206.1
california, 1208.4
california, 1206.2
california, 1208.4.1
california, 1206.3
california, 1208.5.1
california, 1208.6.1
california, 1208.4.2
california, 2022
california, 1208.6.3
california, 1208.6.3.1
california, 1208.6.3.2
california, 1208.6.3.3
california, 1208.6.4
california, 1208.6.4.1
california, 1208.6.4.3
california, 1208.6.8
california, 1208.6.9
california, 1208.6.9.2
california, 1208.6.10.4
california, 1208.6.10.5
california, 3
california, 1208.6.10.1
california, 1208.6.10.2
california, 2022
california, 1208.6.12.3
california, 1208.6.12.7
california, 1208.6.11.1
california, 1208.6.13.1
california, 1208.6.12
california, 2022
california, 1208.7.1.1
california, 1208.7.1.2
california, 1208.72
california, 1208.8.5
california, 1208.8.6
california, 1208.7.3
california, 1208.7.4
california, 1208.8.7
california, 1208.8
california, 1208.9
california, 1208.8.1
california, 1208.8.2
california, 1208.8.3
california, 1208.10
california, 1208.8.4
california, 2022
california, 1208.10.2
california, 1208.10.3
california, 1208.10.4
california, 1208.10.5
california, 1208.10.7
california, 1209.0
california, 1209.1
california, 1210.0
california, 1210.1
california, 1210.1.1
california, 1210.1.2
california, 1210.1.2.1
california, 1210.1.3.5
california, 1210.1.3
california, 1210.1.3.1
california, 1210.1.3.2
california, 2022
california, 1210.1.3.7
california, 1210.1.3.8
california, 1210.1.3.9
california, 1210.1.7.2
california, 1210.1.4
california, 1210.1.5
california, 1210.1.6
california, 1210.1.6.1
california, 1210.3.2
california, 1210.1.6.2
california, 1210.3.3
california, 1210.1.7
california, 1210.4.4
california, 1210.5.1
california, 1208.5
california, 2022
california, 1210.7.2
california, 1210.8
california, 1210.8.1
california, 1212.3.1
california, 1210.8.2
california, 1210.9.1
california, 1210.12.2
california, 1210.9.2
california, 1210.9.3
california, 1210.9.4
california, 1210.10
california, 1210.11
california, 1210.12
california, 1210.12.1
california, 2022
california, 1210.12.6
california, 1211.2.1
california, 1211.2.3
california, 1212.3
california, 1212.0
california, 1212.1
california, 1212.3.2
california, 1212.4
california, 1212.1.1
california, 1212.1.2
california, 2022
california, 1212.5.2
california, 1212.5.3
california, 1212.6
california, 1213.0
california, 1213.1
california, 1212.7
california, 1213.1.1
california, 1213.1.2
california, 1212.8
california, 1212.9
california, 1213.1.4
california, 1213.1.5
california, 1213.1.6
california, 1213.2
california, 1213.2.1
california, 1213.4.1
california, 1213.2.2
california, 1213.2.3
california, 1213.2.4
california, 1213.5.2
california, 1213.2.5
california, 1213.5.3
california, 1213.2.6
california, 2022
california, 1213.6.1
california, 1213.6.1.5
california, 1213.6.1.1
california, 1213.6.1.2
california, 1213.6.1.3
california, 1213.6.1.4
california, 1213.6.2.2
california, 1213.6.3
california, 1214.0
california, 1214.1
california, 1215.2
california, 1214.2
california, 1214.3
california, 1215.3
california, 1214.4
california, 1215.3
california, 1215.0
california, 1215.1
california, 1215.1.1
california, 1215.1.2
california, 2022
california, 18.93
california, 1215.6
california, 1215.4
california, 2022
california, 3
california, 3
california, 1
california, 2
california, 3
california, 2022
california, 700
california, 750
california, 2
california, 2022
california, 150
california, 2022
california, 90
california, 600
california, 2022
california, 50
california, 60
california, 70
california, 80
california, 90
california, 100
california, 125
california, 150
california, 175
california, 200
california, 250
california, 300
california, 350
california, 400
california, 450
california, 500
california, 550
california, 600
california, 650
california, 700
california, 750
california, 800
california, 850
california, 900
california, 950
california, 1000
california, 1100
california, 1200
california, 1300
california, 1400
california, 1500
california, 1600
california, 1700
california, 1800
california, 1900
california, 2000
california, 2
california, 3
california, 50
california, 70
california, 80
california, 90
california, 100
california, 125
california, 150
california, 175
california, 200
california, 250
california, 350
california, 400
california, 450
california, 500
california, 550
california, 600
california, 650
california, 700
california, 750
california, 850
california, 900
california, 950
california, 1000
california, 1100
california, 1200
california, 1300
california, 1400
california, 1700
california, 1800
california, 1900
california, 2000
california, 2
california, 3
california, 2022
california, 125
california, 150
california, 175
california, 200
california, 250
california, 300
california, 350
california, 400
california, 450
california, 500
california, 550
california, 600
california, 650
california, 700
california, 750
california, 800
california, 850
california, 900
california, 950
california, 1000
california, 1100
california, 1200
california, 1300
california, 1400
california, 1500
california, 1600
california, 1700
california, 1800
california, 1900
california, 2000
california, 2
california, 3
california, 2
california, 2022
california, 900
california, 60
california, 400
california, 800
california, 3
california, 2022
california, 700
california, 1300
california, 1800
california, 15
california, 3
california, 2022
california, 20
california, 3
california, 2022
california, 1
california, 80
california, 2022
california, 9
california, 2022
california, 350
california, 60
california, 250
california, 275
california, 350
california, 400
california, 450
california, 500
california, 3
california, 2022
california, 1000
california, 1600
california, 2022
california, 2000
california, 2022
california, 1300
california, 175
california, 200
california, 250
california, 300
california, 350
california, 400
california, 450
california, 500
california, 550
california, 600
california, 650
california, 700
california, 800
california, 850
california, 900
california, 950
california, 1000
california, 1100
california, 1200
california, 1300
california, 1400
california, 1500
california, 1600
california, 1700
california, 1800
california, 1900
california, 2000
california, 2
california, 3
california, 2022
california, 2
california, 9
california, 70
california, 2022
california, 250
california, 9
california, 2022
california, 9
california, 500
california, 2022
california, 1304.1.1
california, 1.11.0
california, 2022
california, 2022
california, 1302.1
california, 1301.1
california, 1302.1.2
california, 1301.2
california, 1302.1.2.1
california, 1302.1.3
california, 1302.2
california, 1301.3
california, 1303.1
california, 2022
california, 1303.3
california, 1303.4
california, 1303.4.1
california, 801.2
california, 1303.4.2
california, 1303.5
california, 1303.6
california, 1303.7
california, 1303.7.1
california, 1303.8
california, 1304.5
california, 1303.9
california, 1305.0
california, 1305.2
california, 1305.3
california, 1306.3
california, 1306.2
california, 1307.1
california, 2022
california, 1307.2
california, 1308.2
california, 1309.6
california, 1309.7
california, 1309.8
california, 1308.3
california, 1309.8.1
california, 1309.0
california, 1309.1
california, 1309.2
california, 1309.3
california, 2022
california, 1309.12
california, 1310.3.1
california, 1310.3.2
california, 1309.13
california, 1310.3.2
california, 1310.2
california, 1310.3
california, 1312.4
california, 2022
california, 1312.5
california, 1312.6
california, 1314.3
california, 1314.4
california, 1312.7
california, 1314.4.1
california, 1314.10.2
california, 1314.10.3
california, 1314.11
california, 1314.12
california, 1314.12.1
california, 2022
california, 1315.4
california, 1315.5
california, 1315.6
california, 1316.1
california, 1315.7
california, 1315.8
california, 1315.9
california, 1315.10
california, 1317.0
california, 1315.11
california, 1315.12
california, 1315.13
california, 1315.14
california, 1318.5
california, 1320.0
california, 1320.2
california, 2022
california, 1322.4
california, 1321.8.2
california, 1321.8.3
california, 1321.8.5
california, 1321.8.7
california, 1321.6
california, 1321.9.3
california, 1321.12.2
california, 1321.12.3
california, 1321.12.3
california, 1322.0
california, 2022
california, 1322.6
california, 1322.1.2
california, 1322.6.1
california, 1322.1.4
california, 1323.1
california, 1322.5
california, 1323.2.2
california, 1323.3
california, 1323.3.1
california, 2022
california, 22.95
california, 2
california, 2022
california, 19.07
california, 1323.4.4
california, 1323.5
california, 1323.5.1
california, 112.99
california, 2
california, 1323.5.3
california, 1323.5.4
california, 2022
california, 1323.9
california, 1323.9.1
california, 1323.10.3
california, 1323.11
california, 2022
california, 1323.13.2
california, 1323.13.3
california, 1323.14.5
california, 2022
california, 1324.5
california, 1324.5.1.1
california, 1324.2
california, 1324.2
california, 1324.5.2.1
california, 1324.2.1
california, 1324.5.2.4
california, 1324.5.2.5
california, 1324.5.2.6
california, 1324.5.3
california, 1324.5.3.1
california, 1324.5.5.4
california, 1324.5.4
california, 1324.5.5.5
california, 1324.5.5.6
california, 1324.5.4.2
california, 1324.5.11
california, 1324.5.6.1
california, 2022
california, 1324.5.6.4
california, 1324.5.6.5
california, 1324.5.9.3
california, 1324.5.7.1
california, 1324.5.11
california, 1324.5.7.3
california, 1325.11
california, 1325.12
california, 1325.13
california, 1325.2
california, 1326.0
california, 1325.3
california, 1311.6
california, 1325.5
california, 1313.5
california, 1326.4
california, 1325.7
california, 1325.8
california, 1325.9
california, 1326.5
california, 2022
california, 1326.6
california, 1326.7
california, 1326.8
california, 1326.9
california, 1317.0
california, 1326.10
california, 1326.11
california, 1327.0
california, 1327.1
california, 1327.4
california, 1327.4.2
california, 1327.4.4
california, 1327.4.5
california, 1327.5
california, 1327.7.4
california, 1327.75
california, 1327.6
california, 2022
california, 1.11.0
california, 2022
california, 1401.0
california, 1401.1
california, 1405.0
california, 1402.0
california, 1402.1
california, 1403.0
california, 1405.2
california, 1403.1
california, 1404.0
california, 1404.1
california, 1404.2
california, 1404.3
california, 1404.4
california, 1404.5
california, 2022
california, 1405.3
california, 1405.5
california, 1405.6
california, 1405.7
california, 1406.0
california, 1406.1
california, 1406.2
california, 1406.3
california, 1406.4
california, 1501.1
california, 1501.5
california, 1502.1
california, 1503.4
california, 2022
california, 1503.7
california, 1503.8
california, 1504.3
california, 1504.4
california, 1506.11
california, 1.11.0
california, 1501.0
california, 1501.1
california, 1501.1.1
california, 1501.2
california, 2022
california, 1501.5.1
california, 1501.6
california, 1501.9.2
california, 1505.15
california, 1501.7
california, 1502.1
california, 1502.2
california, 1501.8
california, 1502.3.1
california, 1502.3.2
california, 1502.4
california, 2022
california, 1502.5.1
california, 1502.5.2
california, 1502.6
california, 1503.0
california, 1503.1
california, 1503.8.1
california, 1503.2.2
california, 1503.1.2
california, 1503.2.3
california, 1503.3
california, 1503.1.3
california, 1503.2
california, 1503.2.1
california, 2022
california, 1503.5
california, 1503.6
california, 1503.7
california, 1503.8
california, 1503.8.2.3
california, 1503.8.1
california, 1503.9.1
california, 1503.8.2
california, 1503.8.2.1
california, 2022
california, 1503.9.2
california, 1503.9.3
california, 1503.9.4
california, 1504.4
california, 1504.0
california, 1504.1
california, 1504.5
california, 1504.5.1
california, 1504.5.3
california, 2022
california, 1504.10
california, 1505.15
california, 1504.6
california, 1504.7
california, 1504.8
california, 601.3
california, 1505.1.2
california, 1504.9
california, 1505.2
california, 1505.6
california, 1505.2.1
california, 1505.3
california, 1505.4
california, 1505.8
california, 1505.8.1
california, 1505.8.2
california, 2022
california, 1505.9
california, 1505.13
california, 1505.10
california, 1505.13.1
california, 1505.11
california, 1505.13.2
california, 1505.12
california, 1505.12.1
california, 1505.13.2.1
california, 1505.13.2.2
california, 2022
california, 1505.14
california, 1506.4
california, 1505.15
california, 1506.0
california, 1506.5
california, 1506.1
california, 1506.2
california, 1506.8
california, 1506.9
california, 1506.9.1
california, 1506.9.2
california, 1506.9.3
california, 1502.3
california, 1506.9.4
california, 1506.9.5
california, 2022
california, 1603.11
california, 1605.3.2
california, 1605.3.3
california, 1.11.0
california, 2022
california, 1601.0
california, 1601.1
california, 1601.1.1
california, 1601.2
california, 1601.3
california, 1601.4
california, 1601.5
california, 2022
california, 1601.6
california, 1602.5
california, 1602.6
california, 1601.7
california, 1602.7.1
california, 1602.7.2
california, 1602.0
california, 1602.7.3
california, 1602.1
california, 1602.8
california, 1602.2
california, 1602.3
california, 1603.0
california, 1602.4
california, 1603.4.1
california, 1603.5.1
california, 2022
california, 1603.3
california, 1603.13
california, 1603.15
california, 1603.16
california, 1603.18
california, 1603.19
california, 1604.0
california, 1604.1
california, 1604.2
california, 1604.3
california, 1605.0
california, 1605.1
california, 1605.3
california, 1605.2
california, 1605.3
california, 1605.3.1
california, 2022
california, 1605.3.3
california, 1.11.0
california, 2022
california, 1701.0
california, 1701.1
california, 49
california, 49
california, 2022
california, 2017
california, 2022
california, 5
california, 2022
california, 2019
california, 2022
california, 2022
california, 2022
california, 5.6
california, 2022
california, 1701.2
california, 2022
california, 2022
california, 2022
california, 2022
california, 2022
california, 2022
california, 1.11.0
california, 2022
california, 2022
california, 2022
california, 1
california, 2
california, 2022
california, 300
california, 200
california, 2022
california, 50
california, 2022
california, 2022
california, 1.11.0
california, 2022
california, 2022
california, 1.11.0
california, 2022
california, 2022
california, 1
california, 14
california, 2
california, 3
california, 1
california, 14
california, 2
california, 3
california, 2
california, 3
california, 1
california, 3
california, 1
california, 2
california, 3
california, 1
california, 14
california, 2
california, 2
california, 2022
california, 2
california, 8
california, 2022
california, 4
california, 12
california, 2022
california, 1.11.0
california, 2022
california, 2022
california, 2022
california, 2022
california, 2
california, 4
california, 2022
california, 1.11.0
california, 2022
california, 2022
california, 2022
california, 2022
california, 2022
california, 2022
california, 2022
california, 1.11.0
california, 2022
california, 2022
california, 2022
california, 1.11.0
california, 2022
california, 2022
california, 2022
california, 000
california, 000
california, 2022
california, 000
california, 2022
california, 2022
california, 1.11.0
california, 2022
california, 2022
california, 2022
california, 2
california, 2022
california, 2022
california, 3
california, 2022
california, 2022
california, 9
california, 1.11.0
california, 2022
california, 2022
california, 2022
california, 1.2
california, 2022
california, 4.2
california, 4.3
california, 4.4
california, 4.4.1
california, 4.4.2
california, 4.4.3
california, 2022
california, 5
california, 5.1
california, 5.2
california, 5.3
california, 3
california, 105.2
california, 105.2.2
california, 103.3
california, 309.0
california, 312.0
california, 314.0
california, 701.3
california, 705.5.1.3
california, 723.0
california, 2022
california, 2022
california, 1.0
california, 1.1
california, 1.1.1
california, 1.2
california, 2022
california, 4.2.2
california, 4.2.3
california, 3.0
california, 4.4
california, 4.5
california, 4.5.1
california, 4.5.2
california, 4.1.3
california, 6.2
california, 5.2
california, 5.2.1
california, 5.2.2
california, 5.3
california, 5.3.1
california, 5.3.2
california, 5.4
california, 5.4.1
california, 5.4.2
california, 6.0
california, 6.1
california, 2022
california, 6.4.2.2
california, 7.0
california, 71
california, 7.2
california, 9.3
california, 10.2
california, 7.3
california, 10.2.1
california, 10.3
california, 8.0
california, 8.1
california, 2022
california, 10.4
california, 10.5
california, 10.6
california, 10.6.1
california, 10.6.2
california, 10.6.3
california, 10.6.4
california, 10.7
california, 2022
california, 1.1.1
california, 74
california, 4.2
california, 4.3
california, 1.3
california, 4.4
california, 2022
california, 4.5
california, 5.2.2.1
california, 5.2.2.2
california, 5.2.1
california, 5.2.1.1
california, 2000
california, 5.2.2.3
california, 5.2.1.3
california, 5.2.1.4
california, 6
california, 6.1
california, 6.2
california, 2022
california, 2022
california, 2022
california, 309.0
california, 312.0
california, 313.0
california, 314.0
california, 604.0
california, 605.4
california, 605.12
california, 605.16.2
california, 609.0
california, 2022
california, 2022
california, 2022
california, 2022
california, 2022
california, 2022
california, 1
california, 2022
california, 2022
california, 1.11.0
california, 2022
california, 2022
california, 1.11.0
california, 2022
california, 2022
california, 2022
california, 2022
california, 1.11.0
california, 2022
california, 2022
california, 2022
california, 2022
california, 2022
california, 2022
california, 7
california, 2022
california, 1
california, 000
california, 2022
california, 2
california, 4
california, 3
california, 2022
california, 1.11.0
california, 2022
california, 2022
california, 4
california, 6
california, 10
california, 14
california, 2022
california, 40
california, 3
california, 2022
california, 3
california, 1.11.0
california, 2022
california, 2022
california, 2022
california, 2022
california, 2022
california, 24
california, 2022
california, 2022
california, 2022
california, 608.3
california, 2022
california, 1208.6.4
california, 2022
california, 2022
california, 7001
california, 1320.0
california, 1503.9.1
california, 2022
california, 2022
california, 192112
california, 2022
california, 710.13.1
california, 2022
california, 2022
california, 2022
california, 6
california, 2022
california, 1323.14.4
california, 2022
california, 2022
california, 2022
san francisco, 101.1
san francisco, 101.1
san francisco, 103.1
san francisco, 103.4
san francisco, 103.4
san francisco, 103.5
san francisco, 103.5
san francisco, 103.6
san francisco, 103.6
san francisco, 103.7
san francisco, 103.7
san francisco, 104.1
san francisco, 104.1.1
san francisco, 104.1.1
san francisco, 104.1.2
san francisco, 104.1.2
san francisco, 104.2
san francisco, 104.2
san francisco, 104.3
san francisco, 104.3
san francisco, 104.3.2
san francisco, 104.3.2.1
san francisco, 104.3.2.2
san francisco, 110
san francisco, 104.3.2.3
san francisco, 104.4
san francisco, 104.4.3
san francisco, 104.4.3
san francisco, 104.4.3.2
san francisco, 104.4.3.2
san francisco, 104.4.3.3
san francisco, 104.4.3.3
san francisco, 104.5
san francisco, 104.5
san francisco, 104.5.2
san francisco, 104.5.2
san francisco, 104.5.3
san francisco, 104.5.3
san francisco, 105.2.6
san francisco, 106.3
san francisco, 106.3
san francisco, 106.5
san francisco, 106.5
san francisco, 107.0
san francisco, 108.0
san francisco, 108.0
san francisco, 109.0
san francisco, 109.0
san francisco, 109.1
san francisco, 109.2
san francisco, 109.3
san francisco, 109.4
san francisco, 102
san francisco, 201.1
san francisco, 204.0
san francisco, 208.0
san francisco, 216.0
san francisco, 218.0
san francisco, 221.0
san francisco, 313.9
san francisco, 313.9
san francisco, 313.9.1
san francisco, 313.9.2
san francisco, 405.0
san francisco, 405.4
san francisco, 415.2
san francisco, 415.2.1
san francisco, 504.1
san francisco, 504.1
san francisco, 603.1
san francisco, 603.2
san francisco, 603.5.6.4
san francisco, 603.5.6.4
san francisco, 603.5.12
san francisco, 603.5.12
san francisco, 603.5.22
san francisco, 603.5.22
san francisco, 604.1
san francisco, 606.2
san francisco, 606.2
san francisco, 606.3
san francisco, 606.3
san francisco, 606.3.1
san francisco, 606.3.1
san francisco, 606.5
san francisco, 606.5
san francisco, 606.11
san francisco, 606.11
san francisco, 609.11.2
san francisco, 609.11.2
san francisco, 609.11.3
san francisco, 609.11.3
san francisco, 706.4
san francisco, 706.4
san francisco, 710.1.1
san francisco, 710.1.1
oakland, 2022
oakland, 110.3.11
oakland, 110.3.0
oakland, 110.3.1
oakland, 110.3.2
oakland, 110.3.3
oakland, 110.3.4
oakland, 15.04.1.130
oakland, 15.04.1.125
oakland, 15.04.1.130
oakland, 15.04.1.140
oakland, 15.04.1.165
oakland, 15.04.1.140
oakland, 15.04.1.160
oakland, 1601
oakland, 1602
oakland, 1602
oakland, 1602
oakland, 1602
oakland, 1602
oakland, 1603
oakland, 1603
oakland, 1603
oakland, 1603
oakland, 1
oakland, 1604
oakland, 1605
oakland, 1606
oakland, 1801
oakland, 1802
oakland, 1802
oakland, 1802
oakland, 1802
oakland, 1802
oakland, 1802
oakland, 1802
oakland, 1802
oakland, 250
oakland, 250
oakland, 1802
oakland, 1802
oakland, 1802
oakland, 1802
oakland, 1802
oakland, 1802
oakland, 1802
oakland, 1802
oakland, 1802
oakland, 1803
oakland, 1804
oakland, 1805
oakland, 1805
oakland, 1805
oakland, 1805
oakland, 1805
oakland, 1806
oakland, 1807
oakland, 1808
oakland, 1809
oakland, 1810
oakland, 1811
oakland, 1811
oakland, 1811
oakland, 1812
oakland, 1812
oakland, 1812
oakland, 1812
oakland, 1813
oakland, 1814
oakland, 1814
oakland, 1814
oakland, 1814
oakland, 1815
oakland, 1815
oakland, 1815
oakland, 3201.4
oakland, 713.2.2
oakland, 4.106.4.2
oakland, 4.106.4.2.2
oakland, 4.106.4.2.4
oakland, 4.106.4.2.5
oakland, 4.106.4.2.6
oakland, 5.106.5.3
oakland, 5.106.5.3.1
oakland, 5.106.5.3.2
oakland, 5.106.5.3.3
oakland, 5.106.5.3.4
oakland, 5.106.5.3.5
